Power,Flow,Temperature,,,,
7.542387168,63000.46353,4.502760924,,,,
8.564489192,66997.8649,5.499181739,,,,
7.713741734,63796.70278,5.110851873,,,,
7.583202671,63227.72191,4.785775512,,,,
7.769455195,64023.04877,4.982232136,,,,
7.750248366,64056.97606,4.830083237,,,,
8.444438548,66716.18215,5.445605243,,,,
7.919111489,64592.94082,4.895536472,,,,
7.764009734,64057.55304,5.442621816,,,,
7.692316214,63582.15091,5.39743498,,,,
7.560688162,63130.25874,4.894933853,,,,
8.366753926,66396.96979,4.960580779,,,,
7.760435678,63956.57768,4.936538944,,,,
7.834130318,64133.86648,4.964019205,,,,
7.559297793,63338.97544,4.570632343,,,,
8.433408772,66725.24649,5.457762009,,,,
7.620362575,63349.84243,5.352896875,,,,
8.263587123,66241.54183,4.518358817,,,,
8.191031567,65905.2856,4.788492188,,,,
7.875971368,64528.29942,4.597353413,,,,
8.415754509,66683.85783,4.514831612,,,,
7.93579217,64681.86609,4.987899992,,,,
7.900579593,64528.74591,5.20632276,,,,
8.190207276,65612.33856,5.218111217,,,,
7.766872467,64051.83082,4.884093707,,,,
7.899004665,64422.31766,5.42491439,,,,
8.216539151,65856.74062,4.842042224,,,,
8.482643095,66906.89466,4.624320241,,,,
7.701503763,63930.51651,4.908333561,,,,
7.857725587,64419.60265,4.716522236,,,,
7.744136311,63882.8907,4.545064151,,,,
8.196865609,65980.39372,4.691348572,,,,
8.140390456,65751.17038,4.616523829,,,,
7.930722622,64861.17852,5.025212794,,,,
7.715171605,63919.20134,4.616495776,,,,
8.426971995,66605.82678,5.220689277,,,,
7.876129757,64653.52175,4.573887994,,,,
7.841825281,64316.95497,5.104161611,,,,
7.957195756,64939.33891,4.546315226,,,,
8.078657361,65398.18742,5.429477362,,,,
7.928424596,64788.6153,4.583991525,,,,
7.705665217,63920.88544,4.861301331,,,,
7.867798238,64586.26228,4.604465514,,,,
7.766825853,64219.06761,4.907556879,,,,
7.871168827,64651.26525,4.925197731,,,,
8.423598468,66786.47639,5.129022666,,,,
8.150007766,65739.24401,4.534252234,,,,
7.65173511,63548.124,5.322945745,,,,
7.716761863,63849.66017,4.94066109,,,,
7.743324288,63828.75271,5.384756378,,,,
8.013225041,65125.34703,4.814030615,,,,
7.81618021,64354.65072,4.793079126,,,,
8.116357357,65620.55378,5.393379001,,,,
8.093986918,65596.63348,5.016544461,,,,
8.007186398,64879.38521,5.41123094,,,,
8.079364822,65590.98442,4.965853093,,,,
7.863297478,64230.54873,5.18501737,,,,
8.13533705,65374.73687,5.339768198,,,,
8.35702359,66580.00263,5.179531932,,,,
8.514265916,66862.19311,5.40029369,,,,
8.330871111,66354.27905,5.123592073,,,,
7.747239527,63855.65633,4.689694956,,,,
7.725309012,63937.64166,4.659623202,,,,
8.384278644,66731.61326,5.092543828,,,,
8.164123197,65673.26326,4.590051869,,,,
7.93097122,64998.65517,4.767945204,,,,
8.251354826,66165.02989,4.708353748,,,,
7.753230429,64264.65468,4.676535443,,,,
7.859048955,64615.03646,4.687577451,,,,
7.726698098,63892.98969,5.127484559,,,,
8.206742617,66065.09675,4.558156828,,,,
7.777204145,64155.52952,4.693406904,,,,
7.644318247,63472.30881,4.825997311,,,,
8.000894644,64867.14156,5.331359037,,,,
8.345374514,66564.93651,4.621257076,,,,
7.853338026,64333.30664,4.818223259,,,,
7.911105268,64661.30098,4.563879419,,,,
7.538211072,63056.41341,4.610763627,,,,
7.734274417,63793.1988,4.751385815,,,,
7.945691395,64652.06928,5.435177906,,,,
8.157353392,65658.78475,4.623022285,,,,
7.725427952,64065.94267,4.836311561,,,,
7.561167806,63089.49618,5.049595655,,,,
8.058342587,65259.39047,4.516152915,,,,
8.254968796,66039.10956,4.915988897,,,,
8.158743963,65644.81448,5.491392793,,,,
7.664548588,63456.66381,5.362909548,,,,
7.846037454,64433.3033,4.542428014,,,,
8.351241481,66411.57928,5.109181762,,,,
7.758334177,63892.61833,5.364640446,,,,
7.759457646,64000.1344,5.293781926,,,,
7.570176102,63309.4663,5.287826416,,,,
7.492741972,63061.6889,5.468467251,,,,
7.593162516,63312.18697,4.521698311,,,,
8.460329354,66761.13255,5.37411288,,,,
7.748858707,63882.86892,5.422361378,,,,
7.813494115,64201.75988,5.000939199,,,,
7.755971878,64156.76119,4.610887301,,,,
8.359204328,66360.66686,4.96867799,,,,
7.723393187,63834.49729,4.833276261,,,,
8.256346474,66189.73934,5.366765123,,,,
8.202168948,65931.07445,4.581046735,,,,
8.157569971,65594.52467,5.349357049,,,,
8.328672551,66177.75076,5.463589375,,,,
8.020060136,65037.94653,4.954578709,,,,
8.273087501,66026.21632,5.357136566,,,,
7.847823463,64532.87538,4.5103703,,,,
7.93530293,64772.80808,5.366247648,,,,
7.609749108,63319.37697,5.441594798,,,,
7.537820561,63155.66802,5.143357836,,,,
7.930265851,64694.42613,5.164517682,,,,
7.721287427,63823.77673,4.749354742,,,,
7.537082563,63118.64253,4.604094231,,,,
7.99068392,64936.68356,5.482043801,,,,
8.478679723,66840.1222,5.231740832,,,,
7.985689246,65051.38585,4.665179044,,,,
8.432530713,66785.53741,4.551162029,,,,
8.358707429,66419.08898,4.87346697,,,,
8.059989669,65446.75899,4.514906806,,,,
8.279248544,65882.52488,5.289092314,,,,
7.631554372,63336.23178,5.124573829,,,,
7.695536332,63937.15265,4.788516059,,,,
7.645047167,63577.9969,4.937818051,,,,
7.675343268,63711.93255,5.420064096,,,,
7.955827147,64789.85611,4.715182072,,,,
7.779794428,63935.41007,5.077700563,,,,
7.811824772,64225.25757,4.515933513,,,,
7.812049922,64148.01537,4.747217312,,,,
8.091349489,65567.66989,5.154652707,,,,
8.125959323,65401.44125,5.025989532,,,,
7.787147169,64025.45688,5.372143148,,,,
7.609833535,63397.71619,4.921710389,,,,
7.554354679,63017.85456,5.447626716,,,,
8.108917385,65413.85867,4.875277369,,,,
7.829489576,64361.86917,5.026309107,,,,
7.950506429,64958.82504,4.638354431,,,,
7.830921586,64387.82473,4.926803873,,,,
8.109515859,65545.52922,4.985256328,,,,
8.083378387,65496.65488,5.155393033,,,,
7.465707629,63046.26411,4.616066711,,,,
8.379951973,66430.06877,4.739409997,,,,
7.546599193,63200.82821,4.801138695,,,,
8.116800852,65590.44394,4.535298571,,,,
7.899237613,64640.87527,4.664595404,,,,
8.197701023,65787.46331,5.165499444,,,,
8.459862461,66624.90206,5.160411938,,,,
7.565412156,63031.68046,5.377026398,,,,
8.461662656,66950.10567,4.503504552,,,,
7.747618538,63875.27984,5.060034481,,,,
8.022196398,65154.90006,4.919653675,,,,
8.175152759,65653.40998,4.575363269,,,,
7.808891532,64203.40355,5.438183163,,,,
7.943927413,64952.56475,4.710338815,,,,
8.297118497,66253.00969,4.663043025,,,,
8.215828534,65945.22623,5.345818893,,,,
8.198536349,65940.37511,5.208726883,,,,
8.017565693,65024.36827,4.657827673,,,,
7.705510566,63817.41062,5.33396635,,,,
8.071045233,65263.66015,4.720886734,,,,
8.192202007,65671.98251,5.256238883,,,,
8.114743234,65342.0293,4.671293612,,,,
7.919993808,64638.14775,4.647068675,,,,
8.409703077,66757.9831,4.784218494,,,,
7.672043997,63575.75688,5.093009722,,,,
7.802577584,64200.83115,5.019503673,,,,
8.30747881,66279.99273,5.247887053,,,,
8.413479183,66690.39675,5.153825661,,,,
8.164520265,65701.63608,4.773943764,,,,
8.134498952,65481.45972,5.197634796,,,,
8.271382976,65942.54375,5.374402263,,,,
7.999335768,64935.8676,5.451955407,,,,
7.805025467,63997.66856,5.183066165,,,,
8.263665718,66180.10692,4.840791629,,,,
8.193425607,65744.89014,5.149373094,,,,
8.367416656,66415.75599,4.582862361,,,,
8.394613663,66652.22382,4.670208944,,,,
7.884443696,64715.58643,4.597646847,,,,
7.916315661,64586.83938,5.175024565,,,,
7.966586445,64903.38111,4.737278226,,,,
8.101057536,65647.69279,5.347418149,,,,
8.164563449,65594.16088,5.236225827,,,,
8.034983988,65140.3496,4.948358796,,,,
7.604918505,63623.76036,4.938300033,,,,
8.215263809,65977.10146,5.050808776,,,,
8.041236047,65108.11416,5.061860875,,,,
8.333163185,66259.46198,5.077491159,,,,
7.743463356,63913.85225,5.337119055,,,,
7.577973397,63487.28976,4.700192816,,,,
7.67913974,63660.27974,4.993976615,,,,
7.835887798,64586.89911,5.467804433,,,,
7.538062583,63089.75409,5.428799908,,,,
7.907412972,64746.92962,5.375614586,,,,
8.292457421,66065.30242,4.942742063,,,,
8.105243655,65426.04827,4.817977953,,,,
8.053823324,65287.25884,4.688172193,,,,
7.847042916,64314.7637,5.249124758,,,,
7.631143386,63480.09421,4.869437713,,,,
7.815464365,64311.54125,4.56192463,,,,
7.781157425,64123.37461,5.49434643,,,,
7.740987398,63798.9038,5.158214513,,,,
8.30136477,66286.3705,5.074269872,,,,
7.553659221,63474.50492,4.999885572,,,,
8.350910895,66492.05962,4.526250119,,,,
8.221876266,65929.80341,5.273872033,,,,
8.189160542,65718.77813,5.221924804,,,,
7.807541383,64198.65834,5.270528776,,,,
8.474720464,66937.04374,5.468711791,,,,
8.262443933,66073.33419,4.728408485,,,,
8.227111532,66025.60653,5.379027323,,,,
7.567166629,63234.74995,5.085167525,,,,
7.582162153,63330.36504,4.622256529,,,,
7.916600368,64760.13138,4.868042782,,,,
8.115485434,65626.07332,5.106385295,,,,
7.557222473,63160.46795,5.073114707,,,,
7.764968175,63843.88044,4.997224435,,,,
7.671315335,63746.38632,5.476731809,,,,
8.154320543,65853.21208,4.893776324,,,,
7.519880298,63345.48823,5.021735477,,,,
7.528457077,63165.14258,4.741639749,,,,
8.163400983,65658.54094,5.014881809,,,,
8.26721056,65969.70668,5.058394235,,,,
7.753372952,64169.02961,5.433358616,,,,
8.021481443,65022.95895,4.707951278,,,,
8.303482512,66302.66044,4.631374473,,,,
8.000149793,65114.18937,4.897885477,,,,
8.039553386,65239.07469,4.535869417,,,,
8.419586333,66953.84498,4.966321008,,,,
7.681120689,63479.37038,5.457298322,,,,
7.519370958,63032.58229,5.080908797,,,,
7.763728957,63995.25833,4.731335047,,,,
8.156245031,65534.84159,5.354499809,,,,
7.753122293,63950.37401,4.553471819,,,,
8.437381022,66882.75925,5.212404485,,,,
7.668275572,63818.49772,4.738266975,,,,
8.169670664,65736.90738,5.114368918,,,,
7.880151298,64498.73231,4.970481763,,,,
7.513816897,63008.80767,4.665543655,,,,
8.226567039,65807.25192,5.21771391,,,,
7.890993849,64447.02068,5.346387825,,,,
8.274420172,66197.774,5.49906585,,,,
8.267670291,66013.15345,4.808737173,,,,
8.490997661,66943.32925,5.127611535,,,,
7.69765626,63782.20532,5.033305328,,,,
8.422237108,66628.97757,5.419050916,,,,
8.205404849,65902.05422,5.077193024,,,,
8.276010651,66268.78291,5.163839333,,,,
8.351344995,66439.52567,4.817671703,,,,
7.799162001,64217.36281,5.490058026,,,,
7.771603675,64285.54121,5.107145933,,,,
8.136427757,65566.57331,5.354805177,,,,
7.614597483,63339.30875,5.171607427,,,,
7.762257112,63868.98676,4.583115788,,,,
7.80153794,64247.52929,4.893328786,,,,
7.611741914,63300.7483,5.201040849,,,,
8.403362354,66670.52384,5.152221186,,,,
8.041201618,65180.37418,5.19970393,,,,
7.579103285,63221.62132,5.286819256,,,,
8.261838081,66060.65961,5.053649684,,,,
7.839737001,64364.68148,5.496416211,,,,
7.633658565,63355.67399,5.086457397,,,,
8.445611087,66694.11335,5.390594395,,,,
8.388650846,66603.63949,5.024618974,,,,
8.186590198,65723.82162,5.212846995,,,,
8.134878871,65517.31793,5.01923744,,,,
7.543507283,63144.5187,5.295413295,,,,
8.197477455,65892.33082,5.072935246,,,,
8.136806999,65495.94515,5.286934751,,,,
8.049360686,65310.41387,4.827929085,,,,
8.452179579,66833.8995,5.38028417,,,,
8.165527834,65814.58691,4.788566271,,,,
8.245732662,66280.45921,4.537566553,,,,
7.819815853,64443.80344,5.00599088,,,,
7.961262206,64791.93878,4.847717256,,,,
8.32645791,66392.50351,5.467206979,,,,
7.876888748,64581.15635,4.835229995,,,,
8.045532528,65291.62804,5.12972986,,,,
7.920640752,64728.7881,5.125303903,,,,
7.544160802,63120.77976,5.017230293,,,,
7.550427485,63236.24866,4.960634439,,,,
7.754974182,63906.98647,4.705956932,,,,
7.798301576,64300.15625,4.541880442,,,,
7.99737998,65022.95855,5.335474424,,,,
7.947808885,64769.84741,5.40710514,,,,
8.192544471,65777.48676,4.863517729,,,,
7.588372676,63466.97464,4.828531327,,,,
7.830548372,64114.54221,5.212622372,,,,
8.203189736,65889.06286,4.933677179,,,,
7.801916703,64261.10132,5.282858542,,,,
8.131454623,65696.93665,4.776628232,,,,
7.678792176,63651.7541,4.807881503,,,,
8.137094749,65790.261,4.611100861,,,,
8.127757822,65583.62295,4.686972444,,,,
8.31461157,66230.92091,5.268691513,,,,
8.214097582,65834.7933,4.952607933,,,,
8.065344218,65447.26275,5.0546996,,,,
8.124660897,65330.13687,5.299842302,,,,
7.513948591,63118.82216,5.066360018,,,,
7.732781672,63831.6886,4.773975418,,,,
8.197337235,65902.91488,4.622538284,,,,
7.921293574,64630.8388,5.348092171,,,,
8.079811295,65300.77103,4.888546527,,,,
7.571431903,63107.76901,5.254065371,,,,
7.708691568,63970.74326,4.779496315,,,,
8.160669396,65717.36824,4.662327859,,,,
8.517690573,66976.77079,5.459981284,,,,
7.604442527,63459.18408,4.621488634,,,,
8.236304272,66186.81031,4.653858634,,,,
8.315672323,66076.87081,5.366041957,,,,
8.07308275,65343.33487,4.869080653,,,,
7.91645321,64846.32681,4.798454095,,,,
7.68988676,63697.83578,4.671301682,,,,
7.951138363,64762.39366,5.223642625,,,,
8.018099491,65141.38302,5.463922045,,,,
7.554488421,63209.77351,4.59568317,,,,
8.333249967,66510.06925,4.858757416,,,,
8.337549826,66347.63529,5.43819276,,,,
7.75851747,64132.85157,4.845825075,,,,
8.009273884,65070.06383,5.375377805,,,,
7.552231491,63181.93552,5.28836208,,,,
8.437922922,66771.11644,5.202076011,,,,
8.305567736,66137.27277,5.249935344,,,,
8.377869593,66661.11085,4.797306607,,,,
8.39927473,66911.85245,4.521227999,,,,
8.235866804,65995.29614,5.460750029,,,,
7.808005764,64219.2105,4.885652978,,,,
8.285700342,66212.13605,4.535081649,,,,
7.543801142,63110.3467,4.710783873,,,,
8.006712849,64993.72414,5.289195036,,,,
7.581715008,63289.22927,4.826818546,,,,
7.74684501,63838.21439,5.052394339,,,,
7.561643464,63175.95101,4.53802306,,,,
8.160216797,65515.76077,5.118373942,,,,
7.709441611,63876.06432,4.781314989,,,,
7.732805875,63970.30874,4.768066719,,,,
7.910066781,64681.9309,4.688496535,,,,
7.917674671,64761.58726,5.139571129,,,,
8.31443191,66006.77646,5.340865297,,,,
7.848191395,64380.31125,5.210592275,,,,
7.850130342,64404.92465,4.636715546,,,,
7.649733844,63694.52554,4.928709061,,,,
8.268613972,66216.61945,5.184441207,,,,
7.589812258,63247.30815,5.086804731,,,,
8.423207086,66852.46142,5.005134657,,,,
8.218278321,66009.32548,5.016228242,,,,
8.312927062,66094.38229,5.341194815,,,,
8.163114704,65525.81374,5.318927088,,,,
7.804327654,63964.5783,4.938630874,,,,
8.269900155,66145.39615,4.927373672,,,,
8.239695722,65900.04968,5.223745497,,,,
7.671856058,63519.68167,5.384713286,,,,
8.420760674,66603.52936,5.451208347,,,,
8.43403279,66734.88013,5.174497289,,,,
7.61404046,63560.47497,5.223511082,,,,
8.155633553,65590.96329,5.213539594,,,,
8.081966394,65410.37385,5.322402456,,,,
8.266378391,66012.01972,5.492855297,,,,
8.274047389,66129.34468,5.207104101,,,,
7.713620244,63833.47573,4.750989888,,,,
7.618088192,63328.18184,4.940012422,,,,
7.598613216,63407.69617,4.825503731,,,,
8.313555445,66362.06255,4.89851685,,,,
7.615940257,63103.3292,4.845438072,,,,
7.694262123,63736.96247,4.56139968,,,,
7.765744868,63880.25968,5.334356995,,,,
7.84608219,64290.11305,4.699668121,,,,
7.992971281,64831.05541,5.072837888,,,,
8.432157692,66663.58615,4.856494582,,,,
8.207199732,65876.016,4.912156893,,,,
7.994517073,64809.20728,4.521712637,,,,
7.82257024,64289.47286,5.478655881,,,,
8.364467517,66518.76763,5.002954797,,,,
8.461163603,66943.6181,5.004863221,,,,
8.474050942,66881.19174,5.098532406,,,,
8.505040007,66995.09975,5.489390807,,,,
7.678492069,63545.85358,5.449398083,,,,
8.067227232,65213.40224,5.344633243,,,,
8.149204963,65519.86684,4.517489833,,,,
7.824784352,64212.56985,5.474045962,,,,
8.198344551,65943.87402,4.894306964,,,,
8.198212178,65825.91684,4.721840116,,,,
7.766839648,63970.35217,5.125988603,,,,
7.552937858,63287.85535,4.594080199,,,,
8.412921603,66790.6764,4.77248293,,,,
7.828290577,64342.75416,4.629464326,,,,
8.20824641,65752.62365,4.982016398,,,,
8.486926892,66967.82554,5.390475557,,,,
7.598234408,63355.97432,5.309794075,,,,
7.569101973,63321.89421,5.344910429,,,,
8.504109324,66824.28844,4.618215674,,,,
8.14590214,65687.0286,5.20625806,,,,
7.789524078,64134.7507,5.141052067,,,,
7.641387966,63605.52451,5.082380415,,,,
8.44344653,66767.34936,4.792961285,,,,
8.176578015,65695.73708,4.617351184,,,,
8.413881474,66592.38811,5.307250218,,,,
7.851782026,64592.74643,4.596069392,,,,
7.974419644,65060.6774,5.328801779,,,,
7.727608076,64010.4009,4.994266074,,,,
8.504269523,66878.12403,4.893705342,,,,
8.375518149,66621.03328,5.007438187,,,,
7.806644521,64169.0262,5.068191334,,,,
8.043972651,65336.34708,4.710977424,,,,
7.797814592,64128.4319,4.690440641,,,,
7.819523494,64075.59305,4.821223978,,,,
8.453779146,66802.98397,4.709344598,,,,
7.815771386,64262.31982,5.225593241,,,,
8.042059672,65109.89205,4.652076406,,,,
8.220906307,65735.38231,4.656051224,,,,
8.469351031,66956.64549,5.384237961,,,,
7.773896276,64257.26636,5.022541192,,,,
7.978827725,65027.2819,4.785045485,,,,
8.076998725,65221.31636,5.34904705,,,,
8.097355599,65336.31457,5.080779778,,,,
8.274520365,66177.70165,5.380624079,,,,
7.586058871,63356.27564,4.657530668,,,,
8.395817168,66684.93215,4.821014105,,,,
7.948262278,64934.15556,4.537399632,,,,
7.557804428,63169.61716,4.991939106,,,,
7.923788698,64969.57851,4.56979588,,,,
7.884180347,64600.16417,4.516023012,,,,
7.781578357,64207.82176,4.745895217,,,,
8.392632435,66670.22423,4.569476611,,,,
8.378811388,66565.11075,4.903484256,,,,
7.597153359,63362.35151,4.579434301,,,,
7.820150681,64171.37358,4.735772397,,,,
8.37960961,66454.93179,5.129943551,,,,
7.7475808,63961.36317,5.462008252,,,,
8.006698488,65081.68655,5.31483674,,,,
7.789534465,64433.61165,4.916653583,,,,
7.602568358,63493.27221,4.522946394,,,,
7.814698607,64127.94793,5.113444743,,,,
7.905134815,64570.08284,4.653163456,,,,
8.09769136,65344.69985,5.114883499,,,,
8.234267043,66016.59715,5.241236847,,,,
7.837182469,64354.12822,4.571613568,,,,
7.640350522,63464.20619,5.362846272,,,,
8.39787864,66763.38995,5.301979126,,,,
7.556182982,63295.20157,5.085773774,,,,
7.656600785,63743.64812,4.71014023,,,,
7.651080059,63680.06576,5.409482364,,,,
7.601901453,63404.31966,4.523418497,,,,
7.739157746,63924.67589,5.06190994,,,,
8.198728764,65749.1387,4.888960517,,,,
7.505644402,63005.32948,5.098892316,,,,
7.923645093,64892.03776,5.409091318,,,,
8.36226438,66696.26645,4.90248827,,,,
8.343651412,66308.63672,4.786288296,,,,
7.821854979,64253.32751,4.808609735,,,,
8.22859413,66152.16175,5.401367695,,,,
7.811914781,64300.12039,5.018339717,,,,
8.476508081,66751.99461,5.099777063,,,,
7.632217773,63530.21417,5.344246738,,,,
7.687290033,63668.17323,4.842778709,,,,
8.281916605,66042.15306,5.440445077,,,,
7.703101914,63789.70759,5.170124675,,,,
7.537053147,63148.08343,5.369162822,,,,
8.341639597,66491.12808,4.891414442,,,,
8.449215305,66840.98011,5.251388399,,,,
8.492087339,66873.79491,4.625975913,,,,
8.183765195,65866.71785,5.111216603,,,,
8.275406101,66203.55485,5.050320955,,,,
8.460176965,66864.49598,5.462864106,,,,
7.793680991,64308.43845,4.796648902,,,,
8.216134146,65845.29785,5.339039063,,,,
7.820703956,64347.22672,5.125594892,,,,
7.670462593,63674.02677,4.883484061,,,,
7.564039884,63072.94391,4.612669626,,,,
8.169210538,65923.4035,4.637838231,,,,
8.070811004,65338.53103,5.032817482,,,,
7.548258462,63231.82864,5.11019566,,,,
8.119837383,65501.98817,4.944281851,,,,
8.228753926,66036.28937,5.015106619,,,,
7.992544885,64913.84489,5.384023281,,,,
8.359142065,66465.26494,5.324255414,,,,
7.78748397,64235.3144,4.544322965,,,,
7.856777293,64581.92842,5.149023832,,,,
7.637400288,63669.34587,5.26484266,,,,
8.188695409,65994.86557,4.811377756,,,,
7.638133368,63683.6983,5.31799063,,,,
8.357052095,66600.68518,4.934640081,,,,
7.907627396,64593.30658,5.014982484,,,,
8.291614534,66108.89548,5.003178228,,,,
8.332342624,66222.28822,4.762922284,,,,
7.557228138,63353.05159,5.116482492,,,,
7.643877889,63726.68445,4.889861693,,,,
8.270061275,65949.40573,4.508972297,,,,
8.262762352,65961.98561,4.612507383,,,,
7.755121505,63970.8485,5.495348018,,,,
8.382859833,66484.50712,4.655277342,,,,
8.362914544,66660.07808,5.006612472,,,,
8.222943658,65913.66392,5.132934106,,,,
7.977457956,64767.78781,5.110715771,,,,
7.780143949,64242.64223,4.837419181,,,,
7.741912806,63770.21008,4.808497361,,,,
8.428102191,66674.40286,5.15475192,,,,
7.95889362,64737.31415,5.284493858,,,,
7.978056204,64907.05158,4.929583601,,,,
8.024257855,65132.593,5.106049406,,,,
7.712757987,63873.14689,5.127465737,,,,
7.60859774,63492.00573,5.308101227,,,,
7.57039601,63271.00594,4.669041007,,,,
8.185715215,65615.7946,5.415528271,,,,
7.688965588,63568.98762,4.985942971,,,,
8.501923389,66997.8649,4.758139842,,,,
8.397552187,66495.80783,5.369345,,,,
7.747671563,63892.86663,5.273005958,,,,
8.117819695,65556.70092,5.411078774,,,,
8.445939685,66765.04874,5.242630818,,,,
8.134629292,65402.53616,4.867321112,,,,
7.914011599,64723.42072,4.947227291,,,,
7.85677055,64556.51511,4.633543548,,,,
8.041617107,65057.18949,4.815783347,,,,
8.26422367,66110.70273,4.885087334,,,,
7.632072476,63391.66753,5.027700162,,,,
8.023208725,65010.10564,4.673438798,,,,
7.993448133,64995.1502,5.153475159,,,,
8.301303027,66325.41596,4.693211182,,,,
8.414843953,66779.60581,4.535958478,,,,
8.14113379,65561.77463,5.018183277,,,,
8.428559502,66788.31872,5.117787101,,,,
7.823555228,64163.05311,4.974093331,,,,
7.557816518,63279.43291,4.96698919,,,,
8.434670009,66752.27445,5.246901244,,,,
8.131791375,65581.18858,4.842151825,,,,
7.787765364,64089.19696,5.057875316,,,,
8.259505601,66025.08463,5.020254235,,,,
7.685361139,63700.18288,5.382165622,,,,
8.418695015,66783.17459,4.861601614,,,,
8.307511181,66281.34871,5.113646894,,,,
7.777737564,64076.8501,4.974288718,,,,
8.361813439,66550.85037,5.399721059,,,,
8.354505228,66428.42216,5.438850074,,,,
8.39245858,66722.49829,5.105325288,,,,
8.276385108,66096.0218,5.424954517,,,,
7.950442884,64755.24425,5.224823255,,,,
8.322654398,66444.41139,4.910891559,,,,
7.959433126,64808.37053,5.210104753,,,,
7.649949261,63526.47362,5.410688648,,,,
7.736915908,63900.61853,5.496080479,,,,
8.045843855,65291.051,4.679209292,,,,
7.681817867,63757.15047,4.671082743,,,,
7.855168095,64576.26633,4.91992903,,,,
7.53233722,63113.06076,4.832667424,,,,
7.59624771,63552.0813,5.447802449,,,,
8.428407528,66768.34268,5.017695588,,,,
8.226352344,65753.41616,5.280548108,,,,
7.765885339,64064.98449,5.090915637,,,,
8.104601407,65597.00014,4.547051233,,,,
7.923597079,64609.32314,4.717908103,,,,
7.963942887,64862.13952,5.174042453,,,,
7.569926629,63264.7977,4.686884394,,,,
8.226996761,65815.48192,5.357892053,,,,
7.552778205,63097.67689,5.471998011,,,,
8.372569444,66505.9624,5.321710582,,,,
8.152207042,65694.77664,4.965675311,,,,
8.392108869,66598.24054,4.934037429,,,,
7.861753131,64486.85886,4.634308123,,,,
7.827916995,64453.69508,5.263986997,,,,
7.49641675,63098.20294,5.389918777,,,,
8.026796788,65044.67684,5.226610099,,,,
7.755907868,64144.09995,5.292725517,,,,
7.719675231,63884.893,5.202201655,,,,
7.890216492,64339.50623,5.455425284,,,,
8.200105871,65829.85149,4.504933786,,,,
8.342838184,66413.05068,5.13511474,,,,
7.710840442,63847.57249,4.543545981,,,,
8.387485396,66681.77154,4.77433297,,,,
7.893383604,64608.11698,4.946590072,,,,
7.865795934,64520.30365,4.896945154,,,,
7.863169853,64492.00874,4.72876191,,,,
8.470539422,66810.51726,5.282561348,,,,
7.56919723,63233.44618,5.162123874,,,,
8.301322895,66149.02474,5.460066113,,,,
8.285968365,66177.71277,4.96679131,,,,
7.559904042,63275.4748,4.760355816,,,,
7.806875767,64314.1002,5.417820251,,,,
7.555138724,63129.90682,4.77568677,,,,
7.994063456,64874.87989,5.014752239,,,,
7.677241843,63505.03494,5.298244518,,,,
7.599872363,63275.30681,5.214527951,,,,
7.767599692,64113.60963,4.676756607,,,,
7.748569404,63734.15856,5.371214508,,,,
7.846283342,64371.93072,4.907869205,,,,
8.235311418,65867.92123,4.841366657,,,,
7.709832441,63906.05811,5.171225258,,,,
7.747590141,63964.75171,5.412334882,,,,
8.20671395,65891.20837,4.622809112,,,,
8.144989668,65842.6486,4.935264123,,,,
8.178379824,65810.83788,4.551170686,,,,
7.832654951,64363.11389,5.485313226,,,,
7.926061605,64770.9163,5.24845989,,,,
7.914217281,64521.32377,4.846737581,,,,
7.787118713,64004.82119,4.946430058,,,,
7.72724405,64055.81497,4.69340941,,,,
8.342240795,66390.0574,4.989014814,,,,
7.987789227,64940.7116,5.139564765,,,,
7.593380989,63302.74488,4.999294955,,,,
7.832591932,64259.81261,5.254915603,,,,
7.696095019,63779.5946,4.616926568,,,,
7.483155423,63002.20824,4.508876615,,,,
8.529177591,66983.84881,5.435351303,,,,
7.922549128,64589.43416,5.475879546,,,,
7.585637996,63245.11202,5.308637058,,,,
7.629413357,63520.75763,4.778827582,,,,
7.788609993,64280.51393,4.730320051,,,,
7.52167239,63087.82919,4.964931581,,,,
8.075995409,65469.87571,4.928261354,,,,
7.857034178,64500.30619,5.467804305,,,,
7.676755229,63801.41175,4.68990769,,,,
7.63369271,63615.75191,5.091132032,,,,
7.552808156,63146.67769,5.111947126,,,,
7.581367617,63188.03333,4.738304789,,,,
8.477264589,66820.30003,5.067682514,,,,
8.169805345,65723.52382,5.341969213,,,,
8.254993152,66130.90143,4.963173842,,,,
7.949009764,64907.07003,4.529793662,,,,
7.931795629,64801.55776,4.505317653,,,,
7.593207383,63476.67338,4.741014995,,,,
7.86518211,64339.08475,4.56177049,,,,
8.130283735,65445.35438,4.764284879,,,,
7.631916434,63448.9168,5.17675465,,,,
7.559211173,63200.51596,5.065517896,,,,
8.486685453,66953.37556,4.719653066,,,,
7.538705172,63066.60478,4.642748721,,,,
8.096297727,65354.31887,5.357768056,,,,
7.665238109,63705.63986,4.770392887,,,,
8.443268295,66955.83226,4.662842208,,,,
8.430175568,66784.4692,4.694547238,,,,
8.420183211,66827.15353,4.68209795,,,,
7.563314621,63159.07359,5.060608875,,,,
8.009145444,65125.31524,5.34617875,,,,
8.042015431,65246.81415,4.946574332,,,,
8.385316021,66450.54828,5.394646187,,,,
7.733848329,63912.24178,5.398500774,,,,
8.036222536,65238.89262,5.261296929,,,,
8.28306968,66096.26581,5.479715602,,,,
7.886974098,64681.83424,4.814920777,,,,
8.291678655,66178.55214,5.045153688,,,,
8.343696599,66411.10988,5.278460709,,,,
8.456336019,66881.00938,5.048291433,,,,
8.192807936,65907.28148,5.081996647,,,,
8.026219806,65297.30697,4.524947898,,,,
8.188904613,65648.16147,5.326174648,,,,
8.233450766,66056.16549,5.092639101,,,,
8.353420593,66626.82281,4.919736471,,,,
8.264359873,66036.87843,5.359478498,,,,
8.458363058,66860.25453,4.776822787,,,,
7.777195671,64138.98332,5.269830715,,,,
8.438917984,66880.35306,4.849828281,,,,
7.586384903,63330.09641,5.478310387,,,,
8.226846762,65925.48004,4.905269073,,,,
7.499232313,63021.17089,5.435930967,,,,
7.56141444,63030.28084,5.171515146,,,,
8.080090727,65292.34714,5.418922841,,,,
8.220686667,65837.3153,5.385748425,,,,
7.567535976,63178.68347,5.497632802,,,,
7.596838335,63330.13595,5.20979086,,,,
7.970462097,64915.4237,4.674423566,,,,
8.392635822,66578.46195,4.959740785,,,,
7.810080057,64225.19779,4.732868521,,,,
8.226415265,66008.02682,5.064142349,,,,
8.053557401,65364.38737,5.375156621,,,,
8.469720722,66918.88407,4.68570146,,,,
7.678910297,63605.42984,5.427034651,,,,
7.828064455,64217.06369,5.202340446,,,,
7.687210273,63821.2644,4.535250758,,,,
8.10641487,65514.07329,5.481590056,,,,
7.893311663,64522.73159,5.307181122,,,,
8.441664819,66773.44704,5.087933528,,,,
7.813527572,64377.94475,5.067253185,,,,
8.264157041,66342.41377,4.535160134,,,,
8.209338515,65996.51962,4.676960252,,,,
8.187871828,65723.80366,4.932375424,,,,
8.456909333,66912.22796,4.691450021,,,,
7.772113549,64080.20179,5.135173303,,,,
7.716922689,63805.43417,4.543265172,,,,
8.367843596,66572.82035,5.170640012,,,,
8.362794265,66452.52908,5.327033249,,,,
7.524011079,63064.42422,5.086948144,,,,
7.732676793,63809.6557,5.440278116,,,,
7.633270446,63609.22252,4.7146258,,,,
7.635440521,63513.08528,4.871598442,,,,
8.044223613,65173.45337,4.781841478,,,,
7.64729038,63459.73291,5.135490752,,,,
8.152958,65709.3376,4.805309538,,,,
8.424061894,66742.06143,4.974613874,,,,
8.521833113,66849.4291,5.35189994,,,,
7.647207316,63574.14706,4.538088312,,,,
7.831682606,64558.17348,4.623286988,,,,
7.967349066,64849.38983,5.36102705,,,,
7.59827943,63380.09927,5.433577685,,,,
8.088782189,65353.18062,4.865445298,,,,
7.604833985,63466.15145,4.875693848,,,,
8.102116889,65505.44548,4.932213408,,,,
8.133072903,65623.95995,4.579793076,,,,
8.007725101,65226.32889,4.656277816,,,,
7.944042034,64834.88621,4.96630466,,,,
7.853148463,64505.84678,4.569883628,,,,
7.955790523,64937.96796,4.802235884,,,,
8.036829545,65205.57184,5.167619136,,,,
8.328811738,66182.04449,5.455659478,,,,
7.934271689,64822.43945,4.608813109,,,,
7.748918744,64131.67772,4.726921384,,,,
7.856332915,64212.01839,5.484831893,,,,
8.396850276,66495.57448,5.091240672,,,,
8.019434268,65048.60056,4.611470972,,,,
7.615783198,63331.97424,5.343456602,,,,
7.924393553,64597.81945,5.085125247,,,,
8.362243105,66637.4062,4.528442682,,,,
8.233231416,66016.64793,4.844165403,,,,
8.028082619,65207.6016,5.239642358,,,,
7.604574193,63172.4599,5.462862524,,,,
8.003856994,65000.54553,4.548968745,,,,
8.266680824,66095.29334,5.058842435,,,,
8.431217803,66724.34659,4.921058447,,,,
8.133205568,65587.33597,4.925053459,,,,
8.302862665,66310.25008,4.818057557,,,,
8.073906854,65323.88177,5.383361179,,,,
8.262700627,66072.78974,4.816001087,,,,
8.323012903,66382.89936,5.269857544,,,,
8.352897235,66426.17243,4.751611403,,,,
8.07790365,65241.24789,5.329940257,,,,
8.372458834,66559.06477,5.042060891,,,,
7.849786524,64613.8974,4.982662717,,,,
8.138911842,65635.77976,4.751032257,,,,
7.678615705,63595.11163,5.259667756,,,,
8.324876751,66225.41367,5.407627394,,,,
8.349520702,66390.92352,5.38539825,,,,
7.853538526,64492.76363,4.529399843,,,,
8.245343385,65800.82758,5.255827179,,,,
7.650501337,63617.75838,5.288263818,,,,
7.732886946,63918.98528,4.985534266,,,,
7.82963791,64427.79574,4.780097392,,,,
7.681646744,63813.42415,5.201449681,,,,
7.623134623,63495.71305,5.228177866,,,,
8.018051988,65207.78893,4.77622883,,,,
8.395868746,66643.01073,4.916739986,,,,
7.992453695,65247.8476,4.756131111,,,,
8.156910161,65731.04504,5.206804624,,,,
8.239059144,66016.33427,5.391565286,,,,
8.371610635,66627.63309,5.195507941,,,,
7.535372534,63147.14403,4.692298764,,,,
8.165505654,65577.13571,5.090712518,,,,
8.285042383,66167.27012,5.201139516,,,,
7.820265283,64372.11376,4.620835332,,,,
7.802418851,64277.61696,4.512946875,,,,
8.370443279,66641.46383,4.618199201,,,,
7.569106222,63129.75292,5.254187052,,,,
7.750035186,64157.86094,5.379420692,,,,
8.142386329,65551.72034,5.241456398,,,,
7.638290337,63613.53062,5.126880548,,,,
8.060488251,65127.01185,5.319860918,,,,
7.789651086,64251.21101,5.27059291,,,,
8.025260319,65097.02302,5.075057386,,,,
7.802783099,64200.54343,4.764077981,,,,
8.371786097,66674.8729,4.93197784,,,,
8.135393441,65666.02222,5.361176602,,,,
8.280214225,66057.2975,4.946869081,,,,
8.374442886,66520.47396,4.793229341,,,,
7.711095293,63797.46095,5.254161931,,,,
7.713193553,63857.03729,4.614470157,,,,
7.938442258,64833.27626,4.747211989,,,,
8.035385273,65231.60154,5.005932321,,,,
7.531091019,63374.26708,5.139394857,,,,
8.425990575,66673.11475,4.709855877,,,,
7.73781744,63883.04287,5.013139724,,,,
8.106324233,65509.62525,5.499181739,,,,
7.822062133,64120.52528,5.297009812,,,,
7.815353796,64164.32182,5.069036648,,,,
7.884899369,64515.92876,4.814721802,,,,
8.385430995,66648.40892,5.383329813,,,,
7.901729805,64398.12238,5.427494693,,,,
7.608936898,63488.52037,5.162340318,,,,
8.219134414,66062.46717,4.536104924,,,,
7.613181477,63380.21552,5.088240066,,,,
7.628233514,63490.16447,4.507284191,,,,
8.469808871,66961.62003,5.256444536,,,,
8.055381629,65269.07263,5.069889948,,,,
7.709033132,63873.23942,5.05666884,,,,
8.224022987,65841.6463,5.342208834,,,,
8.35128673,66401.30411,4.557820562,,,,
7.762510834,64185.58174,4.610910585,,,,
7.745663391,64025.11642,4.761826077,,,,
8.018113987,65092.70447,5.227878541,,,,
7.783648868,64220.70466,4.687672824,,,,
8.32920938,66412.70165,4.678690355,,,,
7.5916898,63359.63258,5.218398413,,,,
8.421731737,66711.76745,4.677593385,,,,
7.96165204,64675.34787,5.135748408,,,,
8.29390556,66216.08681,4.715591161,,,,
7.793778745,64072.86775,5.180880469,,,,
8.214113624,66131.3703,4.765741829,,,,
7.950044925,64627.35384,5.359664332,,,,
7.99425787,64999.16309,5.461666547,,,,
7.866217427,64558.48055,5.226929544,,,,
7.609445941,63402.2755,4.982893785,,,,
7.623075052,63287.22955,5.278620506,,,,
7.771434099,64091.49121,4.747195838,,,,
7.990529827,64920.27636,5.270545551,,,,
7.824690444,64282.44635,5.263110052,,,,
7.607068866,63268.73256,5.29133543,,,,
8.207560417,65797.95024,4.775858956,,,,
7.585430316,63412.04294,5.348438263,,,,
7.912275647,64572.0832,5.232865306,,,,
8.218945448,66008.67767,5.280526189,,,,
8.07722409,65283.53354,5.264227676,,,,
8.331421514,66418.18238,5.441218488,,,,
8.413274381,66748.59505,5.404748815,,,,
7.949657236,64802.49995,4.628114525,,,,
8.158123477,65638.00085,5.388700751,,,,
7.795724152,63974.36303,5.178566914,,,,
7.976585907,64932.06796,5.366612281,,,,
7.99467814,64823.76641,4.715453571,,,,
8.184469286,65872.70682,4.85471564,,,,
8.38642466,66555.95004,5.381466659,,,,
8.176595622,65711.02871,4.717094364,,,,
8.094980184,65296.10438,5.254678741,,,,
7.656330706,63840.02121,4.670487974,,,,
7.918738634,64511.95366,5.451089643,,,,
8.253198442,66009.85706,4.871869939,,,,
7.982614771,65011.44274,4.743401404,,,,
8.110299432,65293.13041,5.261045639,,,,
7.945521018,64853.01714,4.612456391,,,,
8.315582659,66478.17651,4.79608614,,,,
7.622460146,63317.87554,4.582177396,,,,
8.390810438,66819.00378,4.724437231,,,,
8.293234039,66359.18102,4.835971194,,,,
7.698646333,63669.19049,4.629151353,,,,
8.137509879,65611.41839,4.986713691,,,,
8.267308096,66188.52834,5.191742366,,,,
8.066072771,65105.59472,5.174965355,,,,
8.318728304,66487.71709,4.646036631,,,,
7.923549431,64782.92455,4.735675777,,,,
8.057559868,65136.57624,5.332294218,,,,
7.553162646,63143.35664,5.19559954,,,,
7.71919501,63741.1978,4.915849022,,,,
8.356657398,66395.38227,5.022075432,,,,
7.600602888,63559.62159,4.684213169,,,,
7.997606685,65057.15435,5.442786036,,,,
7.612471717,63554.99368,4.63537023,,,,
7.7549506,64246.34023,4.507706612,,,,
7.834446115,64229.03105,4.652803697,,,,
8.083194369,65230.34782,5.163895802,,,,
8.256839382,66353.60551,4.614737091,,,,
8.202046648,65768.29501,5.239905211,,,,
8.472303849,66983.36741,4.588103755,,,,
8.457630627,66843.40886,5.407467167,,,,
7.616334158,63437.81132,5.039695801,,,,
8.373185032,66316.65758,5.476717204,,,,
8.337349335,66428.3982,5.221687539,,,,
8.31656011,66395.83964,4.699093619,,,,
7.554949741,63051.34725,4.937802908,,,,
7.792973816,64244.00391,4.987555669,,,,
8.082291863,65376.73951,5.057692461,,,,
8.352349379,66694.91956,4.665803067,,,,
8.043545352,65110.61644,5.27415734,,,,
7.704441502,63880.66851,4.745778655,,,,
7.488610073,63059.00284,4.536997264,,,,
7.6606224,63667.75315,4.776270458,,,,
8.32386949,66302.04694,5.104940593,,,,
8.206119951,65822.81943,4.805366022,,,,
7.507955956,63054.52035,5.255878822,,,,
8.224111577,65845.15797,5.002379453,,,,
8.419602217,66636.27536,4.658477878,,,,
8.317456051,66396.36721,4.914162901,,,,
7.692346048,63802.79327,4.834820602,,,,
7.775432692,64168.33048,4.697954582,,,,
7.655288547,63645.86535,4.896371587,,,,
7.604109282,63239.5369,4.535775205,,,,
8.181801874,65996.9209,5.197493212,,,,
7.806046627,64222.50299,5.124060566,,,,
8.207937412,65967.92285,4.851686274,,,,
8.282666541,66182.34178,4.82745455,,,,
7.657176664,63625.20438,4.770957812,,,,
8.221902902,65782.60751,5.351059051,,,,
8.072770894,65315.25048,5.355889149,,,,
8.463814962,66868.06116,4.927827475,,,,
8.384424808,66635.29166,4.562624844,,,,
7.697774929,63774.45219,4.96883363,,,,
8.298183923,66193.72195,5.400066994,,,,
8.172767095,65692.94336,4.657173056,,,,
8.15509512,65535.14143,5.190930597,,,,
8.263188209,66098.07003,5.057046717,,,,
7.634981949,63353.11199,5.325299059,,,,
8.007201666,65018.18053,5.3662651,,,,
7.772126055,64067.65652,5.393778049,,,,
7.747840555,63907.86989,5.2784465,,,,
7.853275655,64646.89063,4.96906478,,,,
7.827205258,64576.0111,4.804679819,,,,
7.689284877,63875.94999,5.080335733,,,,
7.561984574,63419.83032,4.502760924,,,,
8.474245141,66873.15899,5.194757418,,,,
7.521062499,63099.14133,4.625831108,,,,
7.680985329,63403.16733,5.170475506,,,,
7.694994783,63892.61543,4.718872388,,,,
7.883491179,64523.6618,4.76573921,,,,
8.117871469,65458.97187,4.960905613,,,,
8.407944956,66763.8952,4.764964229,,,,
8.440907382,66838.11895,5.341369427,,,,
8.036852868,65355.2679,4.776143168,,,,
8.409433746,66607.85758,5.168887358,,,,
8.299715595,66318.18265,5.240419359,,,,
8.449193858,66734.71775,4.969542398,,,,
8.316192795,66328.84837,5.341202968,,,,
7.553613716,63215.5905,4.791934643,,,,
8.185689339,65752.15921,4.886797907,,,,
7.905050967,64544.12934,5.128022861,,,,
8.190347014,65867.12342,4.87983354,,,,
8.288638545,66389.15144,4.850544402,,,,
7.700216573,63808.03093,5.266696201,,,,
8.229356089,66060.22169,4.820767391,,,,
7.926726204,64824.88688,5.205054297,,,,
7.55405959,63200.59552,4.703120035,,,,
8.271199656,66197.16031,4.787516281,,,,
8.005019643,64839.94138,5.337342165,,,,
7.840409288,64283.72792,5.259395391,,,,
8.376809939,66641.06182,5.120821145,,,,
7.851397803,64428.12759,4.793103464,,,,
8.017002864,65241.42939,5.286925512,,,,
8.027010311,65093.84346,5.421557975,,,,
8.311165411,66289.27398,4.728876247,,,,
8.34077543,66487.2349,4.657137243,,,,
8.407868551,66539.97952,4.958035474,,,,
7.783823124,64287.68316,5.005796238,,,,
8.006938378,65080.52788,4.880394721,,,,
8.425664459,66874.44325,5.350171106,,,,
7.612136235,63574.52341,4.729104525,,,,
7.515494394,63000.46353,4.901528924,,,,
8.205153401,65940.48957,4.564829942,,,,
8.28801453,66355.37828,4.878671205,,,,
7.822942633,64226.55675,5.378343114,,,,
7.892055973,64671.4138,5.475676638,,,,
7.812274457,64192.67037,4.768179323,,,,
8.271861393,66205.88702,4.88887996,,,,
7.644609414,63414.8141,4.791484097,,,,
7.906338541,64662.85213,5.21365505,,,,
7.679389575,63700.52655,5.004574664,,,,
7.599603935,63551.00501,5.18914303,,,,
7.85241783,64183.56572,4.773794387,,,,
8.373306456,66570.93088,5.201808648,,,,
8.240737793,66022.77978,5.096914675,,,,
7.666387688,63507.17056,5.242588167,,,,
8.33644768,66448.19519,5.428464355,,,,
7.603051933,63460.12863,4.715457254,,,,
7.580044627,63283.92115,4.73066151,,,,
7.529864341,63207.85088,4.597541556,,,,
8.293419794,66339.56506,5.32551649,,,,
7.906960572,64810.73487,4.942163769,,,,
8.159535422,65540.44385,5.256651445,,,,
8.197528893,65740.05382,4.604426321,,,,
7.629253761,63633.28504,4.789042379,,,,
7.859854119,64577.97086,5.401192047,,,,
8.464845913,66879.21596,5.016860375,,,,
7.897210273,64754.88321,5.149693206,,,,
8.344808125,66383.45841,5.468786159,,,,
8.31170653,66389.77924,4.778279235,,,,
7.690976122,63781.19131,4.627404895,,,,
8.374456486,66459.55368,4.962371735,,,,
7.930761496,64802.82273,4.773169533,,,,
7.990645391,64971.6158,4.611529593,,,,
8.092353252,65440.85859,5.486233872,,,,
7.56556187,63203.68901,4.631469928,,,,
7.989520261,64931.87932,5.301244029,,,,
7.948354699,64847.65944,5.01685821,,,,
8.271976819,66204.07857,5.078767834,,,,
7.98074685,64984.54976,5.06620551,,,,
7.761290428,63921.53364,4.940588244,,,,
8.447704505,66979.19335,4.581398728,,,,
7.734430911,64024.18043,4.611513742,,,,
8.19883359,65878.35518,5.437064775,,,,
7.58211718,63313.92152,4.878642955,,,,
8.01675732,65152.80371,4.888286636,,,,
8.106595786,65428.67904,4.623065468,,,,
7.817521378,64427.95486,4.512244771,,,,
8.180352068,66036.53403,4.748194419,,,,
7.563154284,63201.3203,4.892840316,,,,
8.034922631,65039.57626,5.016560703,,,,
7.616349626,63530.86811,4.588598121,,,,
7.709539825,63845.42378,4.70250876,,,,
7.688825714,63665.21939,5.194386985,,,,
8.456595793,66723.11353,4.995122169,,,,
8.31528751,66437.49662,4.55466146,,,,
7.885804026,64523.73483,4.755653396,,,,
8.330427049,66292.0823,5.303015719,,,,
7.723188478,63793.41253,5.222805579,,,,
8.223897774,65921.65344,4.902125242,,,,
7.778244189,64144.55012,5.486779501,,,,
8.088371301,65387.77955,5.05068916,,,,
7.544559395,63174.28999,4.956384183,,,,
7.782545147,64125.81159,4.801913984,,,,
8.392904986,66545.63776,5.402312817,,,,
8.307965602,66436.32576,4.798560405,,,,
8.19370538,65946.14377,5.043671996,,,,
7.8899789,64580.25115,5.429295715,,,,
8.410964658,66763.04357,4.759374028,,,,
7.625750128,63438.95911,5.092340521,,,,
8.113524408,65550.76299,5.085892829,,,,
7.71858203,63771.27233,5.437168925,,,,
8.096138986,65427.37121,4.854558525,,,,
8.136664802,65620.40877,5.112259254,,,,
